14246,"Aalto, Juuso",Vasemmistoliitto,-1.2079257657652696,3.093183572041453
9555,"Aaltonen, Mikko",Vasemmistoliitto,3.5324347909661746,-0.10392865712154492
14029,"Aatsinki, Ulla",Vasemmistoliitto,1.5721431506590087,1.1485475111742962
24144,"Aho, Matti",Vihreä liitto,2.9221694473259423,1.0898808221181824
8115,"Ahola, Liisa",Vasemmistoliitto,-0.679309475356635,1.4464631886530128
19823,"Ahola, Sakari",Perussuomalaiset,-1.8648832104580575,0.7007256149748873
9026,"Ahola, Sari",Suomen Kristillisdemokraatit (KD),0.40484804491972004,1.5583564387046058
9182,"Ahonen, Reeta",Kansallinen Kokoomus,3.2589873310807898,0.14165828396845753
7382,"Ahponen, Tatu",Vasemmistoliitto,1.3941041206227325,0.842383898943345
10438,"Airaniemi, Markku",Kansallinen Kokoomus,-1.3174813054115238,-1.1700646103389258
10600,"Airila, Marjo",Vasemmistoliitto,-0.4758876941432243,1.0485266955731036
12004,"Aittokallio, Marjo",Suomen Kristillisdemokraatit (KD),0.5118798493284522,1.3071672375424586
15268,"Alatalo, Mikko",Suomen Keskusta,-2.553820542867215,-0.507601973395331
18646,"Alatalo, Seija",Suomen Keskusta,-2.757242324080626,-0.10966548031542178
14123,"Aleksovski, Atanas",Suomen Sosialidemokraattinen Puolue,-1.8298681400157413,-1.0976155047475766
8256,"Alppi, Ulla-Leena",Vasemmistoliitto,0.6082698261331307,1.1604199456246969
23813,"Ansio, Pekka",Vasemmistoliitto,-1.076018195455168,3.5175106087022536
25602,"Anttila, Pekka",Suomen Sosialidemokraattinen Puolue,-1.4230245775889199,-1.893488490907395
17403,"arbelius, marja",Suomen Sosialidemokraattinen Puolue,-3.1524625119478236,0.9867688580032032
18243,"Arhio, Tarja",Suomen Kristillisdemokraatit (KD),-0.5321539961976874,-0.10848431388646995
18955,"Aro-Heinilä, Timo",Suomen Kristillisdemokraatit (KD),-0.6021796748696607,-0.2608338658763763
18389,"Arvonen, Tero",Kansallinen Kokoomus,4.186361515145675,-0.8462917404636974
7375,"Asikainen, Johannes",Vasemmistoliitto,2.2433669572450725,1.156727667637387
7038,"Asplund, Kirsi-Maarit",Perussuomalaiset,-3.1625973542761114,-0.2884055758862197
22387,"Autere, Anne",VaihtoehtoTampere,-2.7456189495210017,0.1908958718433849
9277,"Auvinen, Jarkko",Suomen Sosialidemokraattinen Puolue,3.125591228539353,0.6919443290382734
16084,"Backman, Henri",Vihreä liitto,1.615804531198277,1.5999939070718712
14874,"Backström, Gösta Rainer",Suomen Sosialidemokraattinen Puolue,-2.701957568981734,0.6423422677409599
7355,"Brandt, Christina",Vasemmistoliitto,-1.6163115164740423,-0.22037756393806301
18022,"Burhan, Midia",Suomen Sosialidemokraattinen Puolue,0.619893200692755,1.460981297783503
18426,"Çaglayan, Merve",Vihreä liitto,1.068909611427509,2.091167789251876
24289,"de Wit, Marco",Suomi Ensin,-2.014504306591253,-0.9237488535930404
7998,"Dündar-Järvinen, Aila",Suomen Sosialidemokraattinen Puolue,-1.4762601591300957,0.08432154004175008
21609,"Elovaara, Tiina",Perussuomalaiset,-0.8573485053929111,1.1402995764220616
8641,"Eneh, Emmanuel",Vihreä liitto,-1.2662412413774495,-0.7936452164236468
19187,"Erkkilä, Esko",Suomen Keskusta,-4.186361515145675,0.8462917404636974
10545,"Erma, Lauri",Kansallinen Kokoomus,2.3651396852268856,0.3058802704087649
23467,"Eronen, Esa",Suomen Keskusta,1.0958390130992535,1.7474700146455162
7784,"Eskelinen, Riina-Eveliina",Kansallinen Kokoomus,0.28869536873423035,-2.224861480290286
10099,"Eskola, Vesa",Vihreä liitto,1.5721431506590087,1.1485475111742962
11445,"Eturautti, Kyuu",Kansallinen Kokoomus,2.852143768653968,0.9375312701282759
15011,"Forsberg, Markku",Perussuomalaiset,-3.9829397339322643,0.44835524738378824
15066,"Friman, Väinö-Pekka",Vihreä liitto,3.3290130097527637,0.2940078359583642
9415,"Grönfors, Mervi",Suomen Kommunistinen Puolue,-0.8127055778980723,1.9967492337228285
25492,"Grönroos, Arto",Tampereen Puolesta,-3.1625973542761114,-0.2884055758862197
10147,"Grönroos, Markku",Perussuomalaiset,-2.483794864195242,-0.35525242140542457
13778,"Grönroos, Tarja",Kansallinen Kokoomus,-0.41549433473643227,2.295117261974614
20888,"Gustafsson, Jukka",Suomen Sosialidemokraattinen Puolue,0.15827186844280644,0.12523019275313202
24273,"Haapa-aho, Olga",Vihreä liitto,3.055565549867379,0.5395947770483667
7070,"Hallamaa, Matti",Vihreä liitto,1.9511338827217888,1.6263844506527623
15485,"Halttunen-Riikonen, Elina",Vasemmistoliitto,1.5457788525263036,1.4476443550819642
25182,"Hamunen, Mikko",Perussuomalaiset,-1.9967907807681586,0.2763985783140867
11115,"Hanhela, Milka",Vasemmistoliitto,0.1248034484951005,2.283973643180096
23517,"Hanhilahti, Vilhartti",Suomen Keskusta,-0.17046034654147024,-0.381190614213247
7590,"Hanhisalo, Tuija",Vasemmistoliitto,-3.639466595374906,0.35511785828369224
7935,"Harmaala, Sonja",Vihreä liitto,1.615804531198277,1.5999939070718712
9044,"Hautamäki, Antto",Suomen Kristillisdemokraatit (KD),-0.17803903003627614,-0.3061636122309511
15630,"Heikkilä, Olli Ilmari",Perussuomalaiset,-2.3067373811145364,-0.4540920705776649
18424,"Heikkinen, Salla",Vihreä liitto,2.0211595613937625,1.7787340026426688
11005,"Heino, Leena",Suomen Sosialidemokraattinen Puolue,2.6502105196718935,0.3608546814775688
12802,"Heino, Sakari",Suomen Kristillisdemokraatit (KD),1.4844039461639411,-0.20394947272273745
23036,"Heinonen, Jari",VaihtoehtoTampere,-2.8089893733904656,0.8935314689031071
20824,"Heinonen, Tiina",Vasemmistoliitto,0.052728596265410155,-0.5981936878153369
9594,"Heinämäki, Anna-Kaisa",Vihreä liitto,3.125591228539353,0.6919443290382734
7141,"Helimo, Matti",Vihreä liitto,3.735856572179585,-0.5018651502014541
22902,"Helke, Lauri",Kansallinen Kokoomus,3.125591228539353,0.6919443290382734
6883,"Hemminki, Toni",Perussuomalaiset,-0.2988302110625187,0.9496870464008629
12287,"herranen, pentti",Suomen Sosialidemokraattinen Puolue,0.052728596265410155,-0.5981936878153369
17070,"Hiekkanen, Arttu",Suomen Kristillisdemokraatit (KD),1.147586062409093,0.7442730654269873
16778,"Hiitti, Antti",Suomen Sosialidemokraattinen Puolue,2.852143768653968,0.9375312701282759
8470,"Hiltunen, Elisa",Perussuomalaiset,-3.092571675604138,-0.13605602389631322
14288,"Hiltunen, Petteri",Vihreä liitto,1.589440233065572,1.8990907509795396
25347,"Hirvenoja, Arja",Tampereen Puolesta,-3.3026487116200576,-0.5931046798660324
19482,"Hirvikorpi, Toni",Vasemmistoliitto,0.5722776709479027,-1.1952739874908656
10383,"Hirvonen, Matti",Suomen Keskusta,0.33482236624774664,1.4060068867146993
7024,"Hokkanen, Juri",Kansallinen Kokoomus,3.5760961715054425,0.34751773877603004
14256,"Hokkanen, Kim",Piraattipuolue,0.1248034484951005,2.283973643180096
16490,"Hollanti, Taru",Vihreä liitto,1.342357071312893,1.8455808481618734
8621,"Holm, Jens",Kansallinen Kokoomus,2.2586148660939185,-0.822546871562896
10169,"Huovila, Tero",Perussuomalaiset,-3.639466595374906,0.35511785828369224
12224,"Hursti, Satu",Kansallinen Kokoomus,2.2245813426071734,1.3807975095627598
14694,"Hyvärinen, Aimo",Vihreä liitto,0.7954621515421247,2.336754730341879
24040,"Hyötynen, Kalle",Vasemmistoliitto,2.1809199620679047,0.9293511136651849
8248,"Häkkilä, Henri",Perussuomalaiset,-0.9288582540835619,-1.7864686852720635
12655,"Höyssä, Matti",Kansallinen Kokoomus,-0.9192885152943131,-0.4666933206839488
25293,"Iivonen, Juha",Tampereen Puolesta,-3.099226930406647,-0.9910411729459416
6913,"Ikonen, Anna-kaisa",Kansallinen Kokoomus,2.771983247653707,-0.48999271575105335
20004,"Ilmakari, Aaron",Vasemmistoliitto,1.2525686932601083,-2.236733914740686
23185,"Ilomäki, Risto",Suomen Sosialidemokraattinen Puolue,-1.1394422753752476,-0.8639009981079748
23151,"Impiö, Antti",Piraattipuolue,3.374162922523368,-0.229158849874677
18091,"Inkinen, Riina",Vasemmistoliitto,0.33482236624774664,1.4060068867146993
7363,"Iso-Lähteenmäki, Lauri",Vasemmistoliitto,-0.7792371579503664,-0.16199421670413577
17207,"Ivanoff, Antti",Kansallinen Kokoomus,0.5722776709479027,-1.1952739874908656
17903,"Jaatinen, Tuila",Vihreä liitto,1.686337195146016,0.3727271159279696
7337,"Jalava, Ari",Vasemmistoliitto,1.1921708716406578,0.2657073102926379
7693,"Jarvanne, Tiina",Vihreä liitto,0.8654878302140983,2.4891042823317853
6651,"Joki, Juha",Vihreä liitto,2.0211595613937625,1.7787340026426688
25924,"Joki, Matti",Tampereen Puolesta,0.8989607123744625,-3.4186709595300133
9542,"Jokinen, Kalle",Liberaalipuolue - Vapaus valita,0.7853273092138364,1.061580296452456
7134,"Jokinen, Laura",Vihreä liitto,1.1389352900994822,2.2435173412417826
19525,"Jokinen, Petri",Vihreä liitto,2.8348466862474053,0.18698803032303235
18980,"Jokinen, Tommi",Vihreä liitto,1.5376350654924582,1.5672722877629521
10693,"Jokipolvi, Marjatta",Perussuomalaiset,-3.366019135489522,0.10953091719368946
8778,"Joutsio, Saila",Vihreä liitto,0.33482236624774664,1.4060068867146993
7735,"Julin, Sofia",Suomen Sosialidemokraattinen Puolue,1.342357071312893,1.8455808481618734
13477,"Juntunen, Mervi",Suomen Keskusta,-1.6949298491923526,2.4615325723219423
9267,"Jussila, Anne-Mari",Kansallinen Kokoomus,3.372674390292032,0.7454542318559392
21323,"Jussila, Ari",Perussuomalaiset,-0.0035377057890528807,-1.7552046972749105
20260,"Jussila, Perttu",Vihreä liitto,1.686337195146016,0.3727271159279696
23794,"Juusola, Mirja",Vasemmistoliitto,-0.3257014944709893,2.628400233442339
9117,"Juutila, Jami",Kansallinen Kokoomus,2.0845299852632264,1.0760984055829466
9029,"Juva, Antti",Suomen Keskusta,-1.0891837582967439,-0.8924848655958876
22852,"JÄNTTI, Aleksi",Kansallinen Kokoomus,2.568561466440296,-0.09205622267114422
10770,"Järvenpää, Elina",Kansallinen Kokoomus,0.3084580681150415,1.7051037306223678
10197,"Järvinen, Kati",Suomen Sosialidemokraattinen Puolue,2.3052488488832,1.4287051523082812
9713,"Järvinen, Lotta",Suomen Keskusta,-2.515272228848505,3.1982933955919504
25070,"Järvinen, Markku",Tampereen Puolesta,-3.092571675604138,-0.13605602389631322
18746,"Järvinen, Matti",Suomen Keskusta,2.9221694473259423,1.0898808221181824
11688,"Järvinen, Pertti",Vihreä liitto,-0.875627134755045,-0.015246924786373794
12584,"Järvinen, Simo",Suomen Kommunistinen Puolue,-1.1379000870932963,3.24553312403136
11932,"Kaakinen, Janne",Vihreä liitto,1.0252482308882405,1.6397213933543011
16760,"Kaikkonen, Marja-Riitta",VaihtoehtoTampere,-3.91291405526029,0.6007047993736949
15123,"Kaipainen, Jouni",Vihreä liitto,2.2433669572450725,1.156727667637387
26856,"Kaita, Seikku",Perussuomalaiset,-2.7988545310621773,2.1687059027925297
22239,"Kaivonen, Kirsi",Suomen Sosialidemokraattinen Puolue,-0.1587788537185718,1.254386150380676
17818,"Kajan, Maija",Vihreä liitto,2.2245813426071734,1.3807975095627598
10281,"Kajanto, Risto",Suomen Sosialidemokraattinen Puolue,-1.4762601591300957,0.08432154004175008
14381,"Kajarinne, Pasi",Suomen Keskusta,1.686337195146016,0.3727271159279696
22729,"Kallio, Marko",Kansallinen Kokoomus,0.2988302110625187,-0.9496870464008629
26479,"Kallio, Raine",Vihreä liitto,0.9618778070187766,2.342356990414024
12040,"Kallio, Sami",Vihreä liitto,3.125591228539353,0.6919443290382734
25747,"Kallio-Kokko, Hanna",Kansallinen Kokoomus,2.701957568981734,-0.6423422677409599
8411,"Kampman, Ulla",Suomen Sosialidemokraattinen Puolue,1.465618331526042,0.020120369202635213
7642,"Kamppuri, Eija",Suomen Sosialidemokraattinen Puolue,1.1921708716406578,0.2657073102926379
8193,"Kanerva, Esa",Suomen Sosialidemokraattinen Puolue,1.9597846550314,0.12714017483796702
17020,"Kangas, Toni",Vasemmistoliitto,-1.1379000870932963,3.24553312403136
11203,"Kanniainen, Jari-Pekka",Vasemmistoliitto,-0.5991489543563733,2.8739871745323415
8726,"Kantele, Martta",Vihreä liitto,2.9221694473259423,1.0898808221181824
12096,"Kardin, Vesa",Suomen Eläinoikeuspuolue,0.2830753169379069,2.4092038359332277
20144,"Kareinen, Jussi",Vihreä liitto,2.6502105196718935,0.3608546814775688
10616,"Karikko, ""Wilhelmina """"Wilma""""""",Vasemmistoliitto,1.342357071312893,1.8455808481618734
14440,"Karintaus, Katja",Kansallinen Kokoomus,1.465618331526042,0.020120369202635213
18088,"Karjalainen, Erno",Kansallinen Kokoomus,0.14715547915894756,-1.5549475025394823
20123,"Karjalainen, Juha",Perussuomalaiset,-1.4762601591300957,0.08432154004175008
14352,"Karjalainen, Miisa",Vihreä liitto,0.7853273092138364,1.061580296452456
10705,"Karvinen, Juho",Piraattipuolue,1.9511338827217888,1.6263844506527623
9939,"Karvinen, Mika",Suomen Keskusta,-2.0865836210336015,-0.0568843931536388
11971,"Karvonen, Juha",Suomen Keskusta,-1.8750180527863458,-0.5744488189145357
8060,"Karvonen, Jussi",Kansallinen Kokoomus,0.7056737734893401,-1.7455600325606813
11485,"Kauranen, Heikki",Tampereen Puolesta,-1.0861530377834563,2.242336174812831
21758,"Kavén, Ilmari",Vasemmistoliitto,-0.18514315185127694,1.5534829942883444
13030,"Kekki, Arto",Kansallinen Kokoomus,2.975405028867118,-0.8879292088309625
7717,"Keränen, Jyri",Suomen Sosialidemokraattinen Puolue,0.13140058503433594,1.8039433797946085
22773,"Keskinen, Tiina",Suomen Keskusta,-0.14204687485104817,2.049530320884611
8665,"Kiemunki, Terhi",Perussuomalaiset,-2.782118089981995,-0.7851817181383693
19764,"Kiili, Kalle",Suomen Keskusta,1.686337195146016,0.3727271159279696
9303,"Kiiskinen, Juuso",Vihreä liitto,2.2433669572450725,1.156727667637387
16220,"Kilpinen, Lilli",Suomen Sosialidemokraattinen Puolue,3.5324347909661746,-0.10392865712154492
20538,"Kinnunen, Katja",Suomen Sosialidemokraattinen Puolue,0.7604515433124672,0.3860640586295084
26246,"Kivekäs, Pekka",Suomen Sosialidemokraattinen Puolue,3.9829397339322643,-0.44835524738378824
14225,"Kivistö, Harri",Piraattipuolue,2.1018270676697894,1.8266416453881904
14324,"Kivistö, Johanna",Piraattipuolue,2.0399451760316616,1.5546641607172962
11608,"Klami, Kimmo",Perussuomalaiset,-0.5220146916567405,-2.5823416714318816
11629,"Klemola, Petri",Suomen Kristillisdemokraatit (KD),0.26536179111481284,1.2090564040261012
23559,"Klöf, Markus",Vihreä liitto,-0.5474019050465336,1.8707902253138131
7171,"Knutars, Juha",Perussuomalaiset,1.342357071312893,1.8455808481618734
24427,"Koivisto, Satu",Perussuomalaiset,-3.639466595374906,0.35511785828369224
8751,"Koivisto, Susanna",Kansallinen Kokoomus,0.5819055280004257,1.4595167895323653
14221,"Koivistoinen, Katja",Suomen Kristillisdemokraatit (KD),1.342357071312893,1.8455808481618734
10161,"koivula, Risto",Suomen Kommunistinen Puolue,-1.2627035355883967,0.9615594808512637
12979,"Koivunen, Tarja",Vihreä liitto,0.194829127167074,2.4363231951700026
25008,"Kokko, Jukka-Pekka",Tampereen Puolesta,-4.186361515145675,0.8462917404636974
27215,"Kokkonen, Esa",Kansallinen Kokoomus,3.5324347909661746,-0.10392865712154492
23125,"Koppanen, Mikko",Suomen Keskusta,1.5077375237833586,-3.637867357039125
15544,"Korhonen, Auli",Suomen Sosialidemokraattinen Puolue,2.022648093625098,0.8041209209120528
10592,"Korhonen, Ilmari",Kansallinen Kokoomus,1.9597846550314,0.12714017483796702
23647,"Koskela, Joona",Suomen Keskusta,2.313392635917046,1.3090772196272937
20805,"Koskinen, Jyrki",Suomen Sosialidemokraattinen Puolue,-0.2835823022136724,-1.0295874927994202
25078,"Koskinen, Markus",Kansallinen Kokoomus,1.9050068852082729,-2.004483916352223
18945,"Koskinen, Vesa",Suomen Sosialidemokraattinen Puolue,0.33482236624774664,1.4060068867146993
24290,"Kosonen, Mari",Suomi Ensin,-0.9187234117552736,-0.5112942513826404
11469,"Kostiainen, Leena",Kansallinen Kokoomus,2.568561466440296,-0.09205622267114422
25357,"Kotaviita, Eugen",Tampereen Puolesta,-1.3692283547213633,-0.16686766112039714
23401,"Kriikku, Mikko",Suomen Keskusta,0.5819055280004257,1.4595167895323653
19106,"Kuikanmäki, Kimmo",Suomen Kristillisdemokraatit (KD),1.1206566607373485,1.0879708400333474
25089,"Kuitu, Pilvi",Suomen Sosialidemokraattinen Puolue,0.36020511742488126,0.7019067814038391
14127,"Kuitunen, Jorma",Suomen Keskusta,-0.592040370328714,-2.7346912234217884
15598,"Kummola, Kalervo",Kansallinen Kokoomus,0.4033058566377685,-2.5510776834347286
7385,"Kunnari, Janika",Vasemmistoliitto,1.615804531198277,1.5999939070718712
8966,"Kuortti, Jussi",Kansallinen Kokoomus,3.9829397339322643,-0.44835524738378824
13238,"Kuusela, Aki",Kansallinen Kokoomus,2.1809199620679047,0.9293511136651849
17198,"Kuusinen, Marie",Suomen Sosialidemokraattinen Puolue,0.1298583967523843,-2.305490742344726
18612,"Kärkimaa, Milja",Kansallinen Kokoomus,1.686337195146016,0.3727271159279696
11370,"Laaksonen, Raimo",Suomen Sosialidemokraattinen Puolue,0.19533611244283933,1.0567068520361946
8752,"LAHTINEN, PETRI",Suomen Kommunistinen Puolue,-1.6847950068640642,3.736707006211365
19018,"Lahtinen , Raisa-Tiina",Suomen Sosialidemokraattinen Puolue,0.619893200692755,1.460981297783503
19884,"Laitinen, Veijo",Vasemmistoliitto,1.0587747690992206,0.8159933553624534
10046,"Lammi, Anu",Suomen Sosialidemokraattinen Puolue,0.061374906362362536,1.651593827804702
9091,"Lampinen, Sinikka",Kansallinen Kokoomus,2.3666282174582216,-0.6687328113218513
11983,"Lampu, Taina",Kansallinen Kokoomus,2.6314249050339944,0.5849245234029414
19762,"Lattu, Jarno",Piraattipuolue,0.33482236624774664,1.4060068867146993
18735,"Laukkanen, Aapo",Suomen Sosialidemokraattinen Puolue,-0.07867645098158427,1.346894723824889
13413,"Lehtimäki, Joni",Suomen Sosialidemokraattinen Puolue,3.4624091122942002,-0.2562782091114516
7554,"Lehtinen, Mika",Vasemmistoliitto,-1.9252765698648495,-0.5458649514266227
13438,"Lehto, Seppo",Valitsijayhdistys Seppo Lehto,-2.483794864195242,-0.35525242140542457
9294,"Lehtonen, Johanna",Vasemmistoliitto,-1.0861530377834563,2.242336174812831
11912,"Leino, Joanna",Suomen Sosialidemokraattinen Puolue,1.342357071312893,1.8455808481618734
9055,"Leinonen, Satu Susanna",Vasemmistoliitto,-1.3596004976688405,2.4879231159028334
14994,"Leppälahti, Mikko",Tampereen Puolesta,-1.6264463588023306,-1.4955519978274858
6826,"Leppänen, Risto",Kansallinen Kokoomus,1.454501942242183,-1.660057326089979
10842,"Lignell, Birgit",Suomen Sosialidemokraattinen Puolue,1.2023057139689461,1.5408817441820608
17319,"Liikka, Jyrki",Suomen Sosialidemokraattinen Puolue,1.3043157425699479,-3.2399308639592155
11121,"Liimola, Anne",Suomen Sosialidemokraattinen Puolue,1.0587747690992206,0.8159933553624534
11060,"Liinalaakso, Emmi",Vasemmistoliitto,-0.3957271731429626,2.4760506814524326
9025,"Lind, Elina",Suomen Kristillisdemokraatit (KD),-2.0931807575728376,0.4231458702318487
9404,"Lindberg, Veikko",Kansallinen Kokoomus,2.428003123820584,0.9828610164828506
6781,"Lindbom, Kari",Perussuomalaiset,-3.100715462637983,-0.016428091215325458
7665,"Lindfors, Juhapekka",Vasemmistoliitto,0.14153542736262426,3.0791178136840314
24951,"Lindh, Klaus",Tampereen Puolesta,-3.7094922740468794,0.20276830629378578
10286,"Linjamaa-Korppi, Suvi",Suomen Kristillisdemokraatit (KD),0.13140058503433594,1.8039433797946085
10412,"Linna, Petri",Kansallinen Kokoomus,1.9597846550314,0.12714017483796702
22420,"Linnainmaa, Tero",Suomen Keskusta,-0.802570735569784,3.271923667612251
19523,"Linnanen, Terjo",Vasemmistoliitto,1.2986956907736245,1.3941344522642984
12946,"Lisma, Sakari",Tampereen Puolesta,-3.1625973542761114,-0.2884055758862197
12332,"Louhivuori, Liisa",Suomen Kommunistinen Puolue,-1.1379000870932963,3.24553312403136
14003,"Loukaskorpi, Johanna",Suomen Sosialidemokraattinen Puolue,3.5324347909661746,-0.10392865712154492
9439,"Luhtalampi, Mari",Suomen Sosialidemokraattinen Puolue,-0.6255132524890783,3.1730840184400106
8141,"Luoma-Nirva, Jarno",Piraattipuolue,3.7795179527188534,-0.0504187543038791
7175,"Luosa, Hilkka",Suomen Eläinoikeuspuolue,0.2830753169379069,2.4092038359332277
15925,"Luosujärvi, Jonna",Vasemmistoliitto,1.1389352900994822,2.2435173412417826
7234,"Luoto, Heikki",Perussuomalaiset,-1.643182799882513,1.4583356231034135
6687,"Lydén, Erik",Vihreä liitto,1.0587747690992206,0.8159933553624534
19080,"Lyly, Lauri",Suomen Sosialidemokraattinen Puolue,-0.32873221498427674,-0.5064208069663791
11567,"Lyytikäinen, Riitta",Suomen Sosialidemokraattinen Puolue,0.6423033496198762,-1.0429244355009586
6901,"Lätti, Teija",Suomen Kristillisdemokraatit (KD),-1.076018195455168,3.5175106087022536
25778,"Löfberg, Peter",Suomen ruotsalainen kansanpuolue,0.5098306757707353,-1.422650541463068
9178,"Majava, Paula",Suomen Sosialidemokraattinen Puolue,1.1389352900994822,2.2435173412417826
15985,"Malinen, Tiina",Piraattipuolue,1.9511338827217888,1.6263844506527623
18532,"Marin, Sanna",Suomen Sosialidemokraattinen Puolue,3.5324347909661746,-0.10392865712154492
10255,"Markkanen, Jouni",Kansallinen Kokoomus,3.5324347909661746,-0.10392865712154492
9815,"Markkola, Kari",Kansallinen Kokoomus,-0.46878357232822354,-0.8111199109461921
12879,"Martikainen, Maire",Vihreä liitto,0.5118798493284522,1.3071672375424586
13350,"Martti, ""Marja-Riitta """"Maikku""""""",Vasemmistoliitto,1.068909611427509,2.091167789251876
17331,"Mattila, Maija",Suomen Sosialidemokraattinen Puolue,0.8218264496748298,2.0376578864342103
14679,"Maula, Janna",Vihreä liitto,-3.1524625119478236,0.9867688580032032
24435,"Mentula, Minna",Suomen Kommunistinen Puolue,-1.3596004976688405,2.4879231159028334
15674,"Mesiä, Tarja",Kansallinen Kokoomus,2.568561466440296,-0.09205622267114422
8461,"Minkkinen, Minna",Vasemmistoliitto,3.5324347909661746,-0.10392865712154492
18365,"Moilanen, Anna",Vihreä liitto,-0.3003187432938546,1.9243001281314789
20891,"Moilanen, Raija",Suomen Keskusta,-0.9826589391637771,0.23594227637577336
7010,"Moisander, Antti",Perussuomalaiset,-2.8089893733904656,0.8935314689031071
7250,"Moisio, Jani",Perussuomalaiset,-2.553820542867215,-0.507601973395331
22371,"Moisio, Tero",Suomen Keskusta,0.5118798493284522,1.3071672375424586
19601,"Morri, Maria",Piraattipuolue,0.553999041585769,-2.3508204886993007
15648,"Mustakallio, Jaakko",Vihreä liitto,3.125591228539353,0.6919443290382734
23995,"Mustila, Jouni",Vasemmistoliitto,0.6082698261331307,1.1604199456246969
18908,"Myllylä, Susanna",Vihreä liitto,-0.9090955547027508,2.1434965256405905
9546,"Mäkelä, Hanna",Kansallinen Kokoomus,1.0045039845518589,-2.695247078961544
13843,"Mäkelä, Ulla Kaarina",Kansallinen Kokoomus,1.013624856328616,1.3391600411954947
17790,"Mäkeläinen, Suvi",Suomen Keskusta,-0.48552001340840567,2.142767709984707
15143,"Mäkihannu, Taneli",Piraattipuolue,2.6314249050339944,0.5849245234029414
10145,"Mäkinen, Jaana",Vasemmistoliitto,-1.6949298491923526,2.4615325723219423
16741,"Naggari, Efraim",Suomen Kristillisdemokraatit (KD),-0.5057896980649823,-0.4075811577941382
8040,"Naukkarinen, Jarno",Liberaalipuolue - Vapaus valita,2.021666546669528,0.3991176595088609
16854,"Niemenmaa, Marjo",Suomen Sosialidemokraattinen Puolue,-1.7132084785544863,1.305986071113507
13502,"Niemi, Aapo",Vasemmistoliitto,-0.0968969620804439,1.52636363505157
7718,"Niemi-Pynttäri, Olli",Vasemmistoliitto,-0.802570735569784,3.271923667612251
25003,"Niemimaa, Nalle",Suomen Kristillisdemokraatit (KD),-0.45760906478109054,2.204073196781539
14810,"Nieminen, Helena",Suomen Sosialidemokraattinen Puolue,-0.8659948154898636,-1.1094879391979773
8190,"Niiniharju, Janne",Suomen Sosialidemokraattinen Puolue,0.33482236624774664,1.4060068867146993
9284,"Niskanen, ""Timo """"Kane""""""",Vasemmistoliitto,0.6067276378511792,-2.949014176514638
9526,"Nisumaa-Saarela, Katja",Vihreä liitto,1.4392540333933368,0.3192172131103037
16344,"Norberg, Aarne",Vihreä liitto,2.022648093625098,0.8041209209120528
9164,"Nordström, Pia",Kansallinen Kokoomus,-0.6458410554089292,-0.7122802617739514
19726,"Nurminen, Maggie",Kansallinen Kokoomus,3.9829397339322643,-0.44835524738378824
20308,"Nylander, Immo",Suomen Keskusta,-1.0891837582967439,-0.8924848655958876
6590,"Ohtonen, Tero",Vihreä liitto,1.9511338827217888,1.6263844506527623
16684,"Oksanen, Lasse",Tampereen Puolesta,-2.8891498943907274,-0.5339925169762223
6496,"Oksanen, Tiina",Suomen Kristillisdemokraatit (KD),2.2433669572450725,1.156727667637387
16286,"Olli, Roope",Kansallinen Kokoomus,1.9511338827217888,1.6263844506527623
13330,"Orava, Juha-Pekka J-P",Kansallinen Kokoomus,0.960335618736825,-1.7670771317253111
7415,"Ovaska, Jouni",Suomen Keskusta,2.3651396852268856,0.3058802704087649
8731,"Packalén, Petra",Suomen Kommunistinen Puolue,-1.6949298491923526,2.4615325723219423
22041,"Pajunen, Veikko",Vihreä liitto,2.2433669572450725,1.156727667637387
26191,"Pajuoja, Juha",Tampereen Puolesta,-0.4540426487551428,-1.4107781070126673
10103,"Parkkola, Marko",Perussuomalaiset,-3.639466595374906,0.35511785828369224
38398,"Partio, Sakari",Tampereen Puolesta,-2.8891498943907274,-0.5339925169762223
12633,"Parviainen, Olli-Poika",Vihreä liitto,1.9511338827217888,1.6263844506527623
12907,"Passila, Samuli",Perussuomalaiset,-0.9608426040125904,3.146693474859119
7304,"Paukkeri, Jouko",Vihreä liitto,2.6502105196718935,0.3608546814775688
18556,"Paukku, Timo",Tampereen Puolesta,-0.0989461356381609,-1.2034541439539566
11710,"Paulamäki, Jari",Suomen Sosialidemokraattinen Puolue,-1.6264463588023306,-1.4955519978274858
22858,"Paunonen, Pekka",Suomen Kristillisdemokraatit (KD),-0.6452759518698896,-0.7568811924726428
6617,"Pekkanen, Tuomo",Vihreä liitto,3.125591228539353,0.6919443290382734
21746,"Peltola, Auli",Suomen Kristillisdemokraatit (KD),1.085646052507691,-0.862719831679023
7640,"Peltola, Ville",Suomen Sosialidemokraattinen Puolue,-1.076018195455168,3.5175106087022536
9108,"Peltola-Styrman, Niina",Kansallinen Kokoomus,1.1110288036848255,-1.5668199369898832
12029,"Peltomaa, Tapani",Vasemmistoliitto,-1.7233433208827746,0.030811637224084254
12085,"Peltonen, Mirja",Kansallinen Kokoomus,2.0916922253415016,0.5514672114987675
16936,"Penny, Kaisa",Suomen Sosialidemokraattinen Puolue,3.2589873310807898,0.14165828396845753
9034,"Perera, Sudath",Vasemmistoliitto,-1.1379000870932963,3.24553312403136
12020,"Pesonen, Sami",Vihreä liitto,2.074395142934938,-0.19907602830647603
12374,"Petronen, Esa",Kansallinen Kokoomus,0.17803903003627614,0.3061636122309511
18544,"Pietarinen, Samir",Kansallinen Kokoomus,1.1445553418958054,-2.390547974981731
7627,"Pihlaja, Katri",Vihreä liitto,0.3084580681150415,1.7051037306223678
9519,"Piitulainen, Hannele",Vihreä liitto,3.125591228539353,0.6919443290382734
7891,"Pikkarainen, Jukka",Vasemmistoliitto,-1.0045039845518589,2.695247078961544
12426,"Piltonen, Ida",Suomen Sosialidemokraattinen Puolue,2.0399451760316616,1.5546641607172962
21278,"Pohjola, Tuula",Suomen Sosialidemokraattinen Puolue,0.7853273092138364,1.061580296452456
7652,"Porttikivi, Ilkka",Vasemmistoliitto,2.2245813426071734,1.3807975095627598
20439,"Puikkonen, Arto",Vihreä liitto,2.2245813426071734,1.3807975095627598
8145,"Puisto, Sakari",Perussuomalaiset,-1.3692283547213633,-0.16686766112039714
8947,"Pursiainen, Sirpa",Suomen Kristillisdemokraatit (KD),-3.639466595374906,0.35511785828369224
7557,"Puskala, Jarmo",Vasemmistoliitto,1.7228363356070093,1.348804705909724
25435,"Putkonen, Anssi",Tampereen Puolesta,-1.87352952055501,-1.549061900645152
11433,"Puusniekka, Juho",Vasemmistoliitto,-0.8827312565700457,1.844399681732922
17587,"Puustelli, Aija",Suomen Kristillisdemokraatit (KD),1.8182447654561171,0.79705415258877
10605,"Päivömaa, Ville-Veikko",Suomen Keskusta,0.28004459642461943,-0.7256172044754903
10740,"Pälmä, Pekka",Vasemmistoliitto,-0.6092837966846616,1.5988127406429193
24063,"Raevaara, Aarne",VaihtoehtoTampere,-3.092571675604138,-0.13605602389631322
19037,"Railo, Ville",Suomen Keskusta,-1.0891837582967439,-0.8924848655958876
9638,"Rainio, Matti",Suomen Sosialidemokraattinen Puolue,2.2433669572450725,1.156727667637387
12797,"Raiskio, Hannu",Kansallinen Kokoomus,1.615804531198277,1.5999939070718712
14220,"Rajala, Minna",Suomen Kristillisdemokraatit (KD),-0.875627134755045,-0.015246924786373794
24372,"Rajala, Petri",Kansallinen Kokoomus,1.4910010827031766,-0.683979736108225
14725,"Rajasalo, Jari",VaihtoehtoTampere,-3.639466595374906,0.35511785828369224
26088,"Rannisto, Ari",Suomen Kristillisdemokraatit (KD),-1.9582424667494482,3.982293947301368
9687,"Rantanen, Ilpo",Kansallinen Kokoomus,2.9221694473259423,1.0898808221181824
7524,"Rantanen, Sampsa",Vasemmistoliitto,1.615804531198277,1.5999939070718712
17052,"Rantaviita-Tiainen, Anna-Kaarina",Suomen Keskusta,-0.32873221498427674,-0.5064208069663791
7942,"Rask, Virva-Mari",Vasemmistoliitto,1.3941041206227325,0.842383898943345
12826,"Rauhala, Leena",Suomen Kristillisdemokraatit (KD),-2.8089893733904656,0.8935314689031071
26893,"Riestra Aedo, Simon",Vasemmistoliitto,-0.21207255352302157,1.8971807688947047
21557,"Rikala, Jarkko",Kansallinen Kokoomus,0.9776327011433883,-1.0165338919200675
14999,"Rincon, Natalia",Vihreä liitto,1.4138712822162023,1.023317318421164
25356,"Rinkari, Inka",Suomen Sosialidemokraattinen Puolue,-0.4758876941432243,1.0485266955731036
25711,"Rinta-Kiikka, Mikko",Suomen Sosialidemokraattinen Puolue,2.2433669572450725,1.156727667637387
9870,"Rodriguez, Leena",Vasemmistoliitto,2.6314249050339944,0.5849245234029414
23139,"Roihuvuo, Johanna",Vihreä liitto,2.5168144171304565,0.9111407265473845
19178,"Rokosa, Inna",Suomen Sosialidemokraattinen Puolue,1.342357071312893,1.8455808481618734
24319,"Rontu, mirja-liisa",Suomen Keskusta,-0.9826589391637771,0.23594227637577336
14278,"Ropponen, Anu",Vasemmistoliitto,0.3084580681150415,1.7051037306223678
16745,"Rossi, Kirsi",Vihreä liitto,0.7853273092138364,1.061580296452456
10902,"Rossi, Ville",Vasemmistoliitto,-0.5321539961976874,-0.10848431388646995
13161,"Rostila, Ilmari",Perussuomalaiset,-3.355884293161234,1.3847053510831122
18821,"Rouvinen, Joel",Vihreä liitto,2.9221694473259423,1.0898808221181824
20160,"Ruoholahti, Lauri",Suomen Sosialidemokraattinen Puolue,0.9187234117552736,0.5112942513826404
25883,"Räihä, Tuomo",Suomen Keskusta,-0.6386788153306542,-1.2369114558581304
23661,"Räikkä, Laila",Suomen Kommunistinen Puolue,-1.9785121514060249,1.4319450795225221
19374,"Räsänen, Joni",Piraattipuolue,1.5706546184276728,2.123160592904912
11432,"Saarela, Annamaija",Feministinen puolue,2.2433669572450725,1.156727667637387
20580,"Saarikangas, Sanna",Vihreä liitto,1.6964720374743043,1.6479015498173923
10064,"Saarinen, Marko",Suomen Sosialidemokraattinen Puolue,3.5760961715054425,0.34751773877603004
21768,"Saarinen, Tero",Suomen Keskusta,0.15622269488508933,-2.6045875862523946
8868,"Sajakorpi, Aku-Paulus",Kansallinen Kokoomus,0.5534920563100036,-0.9712041455654927
14897,"Salmi, Pekka",Suomen Sosialidemokraattinen Puolue,3.5324347909661746,-0.10392865712154492
7318,"Salminen, Jani",Vasemmistoliitto,1.342357071312893,1.8455808481618734
20911,"Salminen, Timo",Piraattipuolue,0.9360204941618369,1.261837491187884
9551,"Salo, Hanna",Vihreä liitto,3.3290130097527637,0.2940078359583642
10105,"salo, jouko",Perussuomalaiset,-2.261587468343932,-0.977258756410706
14319,"Salo, Juho",Piraattipuolue,2.9221694473259423,1.0898808221181824
7483,"Salo, Petri",Kansallinen Kokoomus,-1.7755649318724194,-0.7506110180943871
11392,"Salonen, Antti",Vasemmistoliitto,-1.3362669200494228,-0.9459947684135532
7316,"Sankala, Alisa",Vihreä liitto,0.5118798493284522,1.3071672375424586
8863,"Sarantis, Alexios",Vihreä liitto,0.6184046684614191,2.4355943795141193
8476,"Sasi, Ilkka",Kansallinen Kokoomus,1.8613455046690044,-2.455930312249797
26604,"Schafeitel, Yrjö",Tampereen Puolesta,-0.04719908632832137,-2.2066510931724856
9048,"Seljas, Riitta",Suomen Kristillisdemokraatit (KD),-3.639466595374906,0.35511785828369224
13347,"Seppä, Hannu",Vasemmistoliitto,-0.3957271731429626,2.4760506814524326
14936,"Seppänen, Erkki",Tampereen Puolesta,-0.8827312565700457,1.844399681732922
15422,"Siik, Kirsikka",Vihreä liitto,2.2245813426071734,1.3807975095627598
12532,"Silius-Haouari, Nina",Vihreä liitto,2.2245813426071734,1.3807975095627598
26460,"Siljamäki, Merja",Suomen Kommunistinen Puolue,-1.6847950068640642,3.736707006211365
17757,"Silvennoinen, Seppo",Kansallinen Kokoomus,0.8538107996038582,-2.8955042736969716
7788,"Silvennoinen, Tommi",Vasemmistoliitto,-1.4915080679789419,2.063596079242033
18050,"Simula, Aino-Riikka",Suomen Keskusta,0.466729936557848,1.8303339233754996
7700,"Sinkkonen, Anne",Vihreä liitto,2.5168144171304565,0.9111407265473845
8866,"Sipola, Antti",Kansallinen Kokoomus,0.466729936557848,1.8303339233754996
11513,"Sirén, Elina",Kansallinen Kokoomus,3.125591228539353,0.6919443290382734
20151,"Sirén, Jouni",Vasemmistoliitto,0.891852128346803,2.1900074384241166
23825,"Sirkesalo, Sohvi",Vasemmistoliitto,0.5565227768232911,2.1636168948432255
10771,"Sirniö, Ilpo",Suomen Sosialidemokraattinen Puolue,3.735856572179585,-0.5018651502014541
11531,"Siuro, Petri",Vihreä liitto,0.33482236624774664,1.4060068867146993
19031,"Skogberg, Peter",Vasemmistoliitto,0.6884303471333924,2.587943931504026
9663,"Soipio, Mikko",Suomen Sosialidemokraattinen Puolue,2.9236579795572784,0.11526774038756632
7889,"Solja, Petri",Suomen Sosialidemokraattinen Puolue,2.6502105196718935,0.3608546814775688
22611,"Soro, Hannu",Tampereen Puolesta,-4.186361515145675,0.8462917404636974
13925,"Sorvaniemi, Mira",Suomen Kristillisdemokraatit (KD),-1.819733297687453,0.17755892914184612
21398,"Soukkio, Joonas",Suomen Keskusta,0.9537340199849311,2.4619849230950104
10153,"Stenbäck, Mark",Piraattipuolue,1.2170466375420268,0.9412235481155855
8623,"Stenhäll, Jaakko",Vihreä liitto,2.0211595613937625,1.7787340026426688
25417,"Streng, Tapani",Vasemmistoliitto,1.5706546184276728,2.123160592904912
10877,"Strömberg, Hannele",Kansallinen Kokoomus,-0.47891841465651186,-2.086294344835615
20386,"Suomela, Iiris",Vihreä liitto,1.342357071312893,1.8455808481618734
24016,"Suominen, Jaakko",Suomen Sosialidemokraattinen Puolue,0.35007027509659294,-0.5732676524855836
8547,"Suoniemi, Juhana",Vihreä liitto,2.5168144171304565,0.9111407265473845
24610,"Suonsivu, Suvi",Suomen Keskusta,-0.43222631360395597,1.4999730914706786
9825,"Suonvieri, Antti",Perussuomalaiset,-2.8790150520624396,0.7411819169132006
24087,"Surakka, Tommi",Suomen Sosialidemokraattinen Puolue,-1.4757531738543304,-1.2952948030920577
7295,"Suur-Askola, Kristiina",Kansallinen Kokoomus,0.22829754711477984,0.2775797447430386
13545,"Syrjäniemi, Lauri",Kansallinen Kokoomus,2.975405028867118,-0.8879292088309625
14043,"Sällylä, Anne",Kansallinen Kokoomus,-0.2587065363123033,-0.3540712549764723
7421,"Säämäki, Seppo",Vasemmistoliitto,1.8110825253778422,1.3216853466729495
11448,"Taatila, Erkki",Vasemmistoliitto,-0.6610308459945012,2.6020096898614478
13786,"Tahvola, Atte",Vihreä liitto,2.2245813426071734,1.3807975095627598
12191,"Taina, Anneli",Kansallinen Kokoomus,0.41344069896605684,-1.275903249545306
7071,"Takala, Maarit",Vihreä liitto,0.46821846878918394,0.8557208416448836
26741,"Talonen, Minna",Kansallinen Kokoomus,0.7756994521613134,-1.5932104805707747
20079,"Tanus, Sari",Suomen Kristillisdemokraatit (KD),0.33482236624774664,1.4060068867146993
23093,"Tapaila, Birgitta",Vasemmistoliitto,1.1652995882321873,1.9444204973341146
9893,"Tapaninaho, Jorma",Suomen Keskusta,2.313392635917046,1.3090772196272937
7313,"Tapio, Noora",Vasemmistoliitto,1.2723313926409197,1.6932312961719669
17956,"Tauriainen, Tapani",Suomen Sosialidemokraattinen Puolue,1.4742646416229943,2.269907884822674
9499,"Tervo, Anne",Suomen Sosialidemokraattinen Puolue,-1.1394422753752476,-0.8639009981079748
20779,"Tervola, Hannu",Suomen Keskusta,-1.4996518550127873,2.1832240119230204
14382,"Tiainen, Turkka",Vasemmistoliitto,0.6082698261331307,1.1604199456246969
8721,"Tihveräinen, Raimo",Kansallinen Kokoomus,0.35007027509659294,-0.5732676524855836
19284,"Tilvis, Leila",Vasemmistoliitto,-0.7056737734893401,1.7455600325606813
12521,"Toivola, Jarmo",Suomen Keskusta,2.2433669572450725,1.156727667637387
25822,"Toljola, Annu",Vasemmistoliitto,-0.4322844318672302,0.16495767903556224
20808,"Tolonen, Janne",Kansallinen Kokoomus,2.975405028867118,-0.8879292088309625
21551,"Tolonen, Johannes",Vasemmistoliitto,-0.5991489543563733,2.8739871745323415
26043,"Tomunen, Janne",Tampereen Puolesta,-2.483794864195242,-0.35525242140542457
7709,"Torkkola, Sinikka",Vasemmistoliitto,0.13140058503433594,1.8039433797946085
6962,"Torrkulla, Kaj",Liberaalipuolue - Vapaus valita,0.8974721801431265,-2.4440578777993975
14214,"Tuhkanen-Mattila, Marja-Sinikka",Suomen Sosialidemokraattinen Puolue,-1.5878980447836204,2.210343371159795
11359,"Tukiainen, Katri",Vihreä liitto,0.891852128346803,2.1900074384241166
10024,"Tulonen, Irja",Kansallinen Kokoomus,0.5549805885413395,-1.945817227296109
10128,"Tuohiniitty, Hannes",Vihreä liitto,-0.3622006349319825,1.652322643460585
25333,"Tuokko, Eeva",Suomen Keskusta,-0.875627134755045,-0.015246924786373794
15205,"Tuominen, Eeva-Maria",Perussuomalaiset,-3.0205549416377218,1.4110958946640038
9374,"Tuomola, Wille",Kansallinen Kokoomus,3.5760961715054425,0.34751773877603004
10148,"Tuppurainen, Arja",Perussuomalaiset,-1.87352952055501,-1.549061900645152
25225,"Turunen, Risto",Kansallinen Kokoomus,-1.3164997584559532,-0.7650613489357341
12461,"Tyni, Päivi",Vasemmistoliitto,1.9511338827217888,1.6263844506527623
10276,"Tynkkynen, Oras",Vihreä liitto,1.7928620142789826,1.5011542578996304
6579,"Tynkkynen, Ville",Vihreä liitto,2.9221694473259423,1.0898808221181824
9914,"Tähtinen, Marja",Vihreä liitto,0.5819055280004257,1.4595167895323653
10673,"Ulvila, Marko",Vihreä liitto,2.2433669572450725,1.156727667637387
13536,"Urhonen, Amu",Vihreä liitto,4.186361515145675,-0.8462917404636974
18258,"Uurasjärvi, Aarto",VaihtoehtoTampere,-4.186361515145675,0.8462917404636974
25340,"Uusi-Rajasalo, Harri",Tampereen Puolesta,0.960335618736825,-1.7670771317253111
10228,"Uusitalo, Pekka",Kansallinen Kokoomus,1.8613455046690044,-2.455930312249797
14830,"Vaittinen, Anssi",Vihreä liitto,2.852143768653968,0.9375312701282759
9122,"Valaja, Minna",Kansallinen Kokoomus,-0.05528475509889258,-0.7520077480563814
10390,"Valento, Eero",Kansallinen Kokoomus,2.1368421381121054,0.028300525665726328
8456,"Vallbacka, Essi",Suomen Kristillisdemokraatit (KD),1.315992773180188,2.1446776920695423
8202,"Vallenius, Niko",Vasemmistoliitto,0.5819055280004257,1.4595167895323653
16029,"Vallin, Veikko",Tampereen Puolesta,-2.483794864195242,-0.35525242140542457
10716,"Valtonen, Virpi",Vihreä liitto,0.5118798493284522,1.3071672375424586
7764,"Vanhala, Erno",Vihreä liitto,1.342357071312893,1.8455808481618734
18565,"Vehviläinen, Tero",Tampereen Puolesta,-1.062819460164039,-1.191581709503556
7772,"Veijola, Juho",Vihreä liitto,3.5324347909661746,-0.10392865712154492
20706,"Veiström, Ilkka",Vihreä liitto,2.0211595613937625,1.7787340026426688
9597,"Vesa, Unto",Suomen Sosialidemokraattinen Puolue,1.368721369445598,1.5464840042542054
13736,"Viitanen, Pia",Suomen Sosialidemokraattinen Puolue,1.1389352900994822,2.2435173412417826
13827,"Vikman, Sofia",Kansallinen Kokoomus,1.5878980447836204,-2.210343371159795
11551,"Viljanen, Iida",Suomen Sosialidemokraattinen Puolue,0.8218264496748298,2.0376578864342103
9915,"Viljanen, Kirsti",Suomen Sosialidemokraattinen Puolue,0.9618778070187766,2.342356990414024
6595,"Viljanen, Ville",Vihreä liitto,0.891852128346803,2.1900074384241166
16527,"Virolainen, Paula",Suomen Sosialidemokraattinen Puolue,-0.42209147127566765,2.7751475253601012
24589,"Virtanen, Heidi",Kansallinen Kokoomus,-1.6360786780675118,-0.4013109834158822
15148,"Virtanen, Sirkkaliisa",Vasemmistoliitto,2.2245813426071734,1.3807975095627598
25026,"Vuohensilta, Timo",Suomen Keskusta,-2.7557537918492896,-1.084278562046038
10802,"Vuoluterä, Katja",Vasemmistoliitto,-1.2525686932601083,2.236733914740686
7075,"Vuorijärvi, Mari",Kansallinen Kokoomus,-1.9683773090777366,2.7071195134119446
7321,"Vuorikivi, Petteri",Vasemmistoliitto,0.09843915036239548,2.5830704870877645
18995,"Wallenius, Antti",Suomen Sosialidemokraattinen Puolue,1.8095984553591646,-1.4527333630312687
6571,"Warto, Alex",Vihreä liitto,1.2986956907736245,1.3941344522642984
10911,"Westerberg, Eija",Kansallinen Kokoomus,2.5168144171304565,0.9111407265473845
7193,"Wickman-Viitala, Tiina",Kansallinen Kokoomus,1.7563628738179893,0.5250766679178762
8119,"Wigelius, Ari",Suomen Sosialidemokraattinen Puolue,1.1921708716406578,0.2657073102926379
10829,"Yli-Pihlaja, Sami",Vihreä liitto,4.186361515145675,-0.8462917404636974
11210,"Yli-Pärri, Esko",Suomen Keskusta,-1.1409889258698578,-1.224303328812475
23152,"Yli-Pärri, Marja",Suomen Keskusta,0.19477100890379984,1.1013077827348863
6519,"Yltävä, Jarno",Piraattipuolue,0.6453340701331638,2.0918966049077596
16054,"Ylänen, Heidi",Vasemmistoliitto,-0.6574644299685535,-1.0128416139327583
8730,"Ylänen, Jarkko",Vasemmistoliitto,-0.6574644299685535,-1.0128416139327583
20303,"Yrjönen, Antti",Vasemmistoliitto,1.7740763996410835,1.7252240998250032
